date,code,name,price,pct,amount_wan,note
2026-08-06,515180,100红利,1.404,0.36,45349.6,盘中13:45
2026-08-06,159928,消费ETF添富,0.667,-1.04,39261.1,盘中13:45
2026-08-06,159938,医药ETF广发,0.645,-1.23,4515.5,盘中13:45
2026-08-06,512880,证券ETF,1.092,-1.53,159406.4,盘中13:45
2026-08-06,512170,医疗ETF,0.331,-1.78,48980.0,盘中13:45
2026-08-06,159920,恒生ETF华夏,1.5,-1.83,31129.7,盘中13:45
2026-08-06,513050,中概互联,1.161,-2.35,173975.6,盘中13:45
2026-08-06,513180,恒指科技,0.609,-2.4,197482.8,盘中13:45
2026-08-06,512980,传媒ETF,0.854,-3.06,33338.6,盘中13:45
